{"count":1,"self":2359.558144,"total":4117.8876071999994,"children":{"InitializeActuators":{"count":1,"self":0.002534,"total":0.002534,"children":null},"InitializeSensors":{"count":1,"self":0.0015304,"total":0.0015304,"children":null},"AgentSendState":{"count":1883085,"self":7.5380639999999994,"total":27.110291,"children":{"CollectObservations":{"count":376617,"self":3.7198279999999997,"total":3.7198278,"children":null},"WriteActionMask":{"count":376617,"self":0.7134235,"total":0.7134235,"children":null},"RequestDecision":{"count":376617,"self":3.8039476,"total":15.1389757,"children":{"AgentInfo.ToProto":{"count":376617,"self":3.9889615999999997,"total":11.335028,"children":{"GenerateSensorData":{"count":376617,"self":7.3460664,"total":7.3460662,"children":null}}}}}}},"DecideAction":{"count":1883085,"self":1712.285696,"total":1712.2856579,"children":null},"AgentAct":{"count":1883085,"self":18.9144528,"total":18.9155046,"children":{"AgentInfo.ToProto":{"count":258,"self":0,"total":0.0010521999999999999,"children":{"GenerateSensorData":{"count":258,"self":0.0010521999999999999,"total":0.0010521999999999999,"children":null}}}}},"AgentInfo.ToProto":{"count":389,"self":0.0061455999999999993,"total":0.012389899999999999,"children":{"GenerateSensorData":{"count":389,"self":0.0062442999999999995,"total":0.0062442999999999995,"children":null}}}},"gauges":{"Turtle.CumulativeReward":{"count":647,"max":0.9796,"min":-3.28955436,"runningAverage":-0.67836374,"value":-0.485150456,"weightedAverage":0.03403226}},"metadata":{"timer_format_version":"0.1.0","start_time_seconds":"1742654504","unity_version":"6000.0.4f1","command_line_arguments":"C:\\Program Files\\Unity\\Hub\\Editor\\6000.0.4f1\\Editor\\Unity.exe -projectpath F:\\OtherStuff\\Unity\\Yuddham -useHub -hubIPC -cloudEnvironment production","communication_protocol_version":"1.5.0","com.unity.ml-agents_version":"3.0.0","scene_name":"ML_playground","end_time_seconds":"1742658622"}}